체장(mm),체중(g),개별 사료 급이량(g),7일 후 체장(mm),7일 후 체중(g)
130.0,18.0,10.0,172.0,48.33333333333333
136.0,22.333333333333332,10.0,178.0,52.666666666666664
142.0,26.666666666666664,10.0,184.0,57.0
148.0,31.0,10.0,190.0,61.33333333333333
154.0,35.33333333333333,10.0,196.0,65.66666666666666
160.0,39.666666666666664,10.0,202.0,70.0
166.0,44.0,10.0,208.0,74.33333333333333
172.0,48.33333333333333,10.0,214.0,78.66666666666666
178.0,52.666666666666664,10.0,220.0,83.0
